"attendance_id","event_id","volunteer_id","role_id","check_in","check_out"
"1","1","1","1","2023-10-15 09:00:00","2023-10-15 13:00:00"
"2","1","2","2","2023-10-15 09:30:00","2023-10-15 14:00:00"
"4","2","4","4","2023-11-05 08:30:00","2023-11-05 13:30:00"
"event_id","event_name","event_date","venue","description","total_volunteers"
"1","Charity Fundraiser Revision","2023-10-14","Community Center 3",NULL,"14"
"2","Science Fair","2023-11-05","High School Auditorium","Showcasing student science projects","15"
"3","Food Drive","2023-12-01","Local Grocery Store","Collecting food donations for the needy","8"
"5","Picnic","2023-11-25","Behind Ndirande","fundraising for needy students","16"
"9","BIS BIT party","2023-10-18","Manda A mbuzi",,"18"
"10","last day party","2023-10-28","OT","tikusekela","21"
"feedback_id","event_id","volunteer_id","feedback_text","rating"
"role_id","role_name"
"1","Registration Desk"
"2","Event Setup"
"3","Usher"
"4","Food Service"
"5","Parking Attendant"
"6","Information Booth"
"7","Cleanup Crew"
"event_id","volunteer_id"
"volunteer_id","fname","sname","email","phone"
"1","John","Doe","john.doe@example.com","123-456-7890"
"2","Alice","Smith","alice.smith@example.com","987-654-3210"
"4","Emma","White","emma.white@example.com","555-444-3333"
"5","Michael","Brown","michael.brown@example.com","999-888-7777"
"6","Sarah","Lee","sarah.lee@example.com","111-999-7777"
"7","David","Miller","david.miller@example.com","888-777-6666"
"8","Linda","Wilson","linda.wilson@example.com","333-222-1111"
"9","James","Anderson","james.anderson@example.com","222-333-4444"
"10","Emily","Moore","emily.moore@example.com","444-555-6666"
"11","Daniel","Taylor","daniel.taylor@example.com","666-555-4444"
"12","Olivia","Johnson","olivia.johnson@example.com","999-888-7777"
"13","Ethan","Davis","ethan.davis@example.com","333-222-1111"
"14","Bentry","Chipandula","bentleychipandula123@gmail.com","0881614047"
"16","xako","xako","admin@admin.com","0881614047"
"17","xako","xako","admin@admin.com","0881614047"
"18","xako","xako","admin@admin.com","0881614047"
"19","xako","xako","admin@admin.com","0881614047"
"22","Example","ONE","bentleychipandula123@gmail.com","0881614047"
"25","Shukuran","Buleya","example@exampe.com","0881614760"
"26","Grace","Gausi","bis20-ggausi@poly.ac.mw","098765567"
"27","zakiya","buleya","shukuranbuleya@gmail.com","09273562727"
"28","Sandile","Nyalugwe","emmanuelnyalugwe19@outlook.com","+265888999000"
"29","fali","time","shukuranbuleya@gmail.com","987655322"
